StudentID,StudyHoursPerDay,AttendancePercentage,SleepHours,SocialMediaHours,PreviousExamScore,ParticipationInActivities,InternetUsageHours,FinalExamScore
STU0001,7.9,74.0,7.5,3.3,56.8,1,5.0,100.0
STU0002,4.7,73.1,7.5,0.3,67.7,1,2.1,100.0
STU0003,8.7,89.7,6.8,4.0,100.0,1,5.6,100.0
STU0004,7.1,82.6,7.0,0.9,69.5,1,1.6,100.0
STU0005,1.4,41.6,5.5,4.0,89.1,0,6.5,35.3
STU0006,9.8,43.0,4.4,1.8,83.1,0,2.6,100.0
STU0007,7.7,76.1,7.0,2.7,70.5,1,4.2,100.0
STU0008,8.0,69.2,7.2,0.1,50.2,0,1.6,100.0
STU0009,1.7,55.6,8.1,3.6,80.9,1,4.8,54.3
STU0010,4.8,65.1,8.5,1.1,42.5,0,2.6,94.3
STU0011,4.0,85.5,8.5,0.4,89.0,1,2.4,100.0
STU0012,9.3,89.6,5.7,1.0,68.0,1,2.3,100.0
STU0013,6.6,73.7,6.4,1.3,25.2,1,2.2,100.0
STU0014,8.3,63.1,7.3,0.7,59.9,1,3.4,100.0
STU0015,4.7,56.2,9.6,1.9,74.8,0,4.8,83.5
STU0016,2.7,71.3,8.4,4.2,61.4,1,5.8,68.6
STU0017,5.8,58.9,8.0,1.5,75.7,0,2.8,100.0
STU0018,1.1,73.8,6.4,0.4,52.2,0,1.0,42.5
STU0019,8.4,80.6,5.8,1.4,45.4,0,2.0,100.0
STU0020,6.5,44.0,7.7,0.9,63.9,1,2.4,100.0
STU0021,7.7,40.1,5.6,0.3,65.5,0,3.1,100.0
STU0022,3.9,52.7,6.5,0.6,59.8,0,2.9,87.1
STU0023,9.7,93.7,6.7,1.2,83.4,0,2.6,100.0
STU0024,9.0,78.8,8.6,2.2,52.2,0,5.1,100.0
STU0025,7.9,50.3,6.4,5.0,69.7,0,6.6,100.0
STU0026,2.3,93.4,4.1,0.1,66.0,1,1.3,72.3
STU0027,4.9,68.2,7.4,0.5,41.6,0,2.1,100.0
STU0028,0.9,68.6,6.0,0.7,45.2,0,1.7,46.9
STU0029,2.0,96.1,6.8,4.2,65.2,1,6.9,64.1
STU0030,7.0,43.6,6.7,1.8,94.7,1,3.2,100.0
STU0031,7.6,52.9,6.5,0.9,73.7,0,3.0,100.0
STU0032,9.7,75.1,7.7,1.2,39.1,0,2.7,100.0
STU0033,3.6,51.7,5.1,1.9,20.0,0,4.7,72.0
STU0034,4.0,80.8,6.2,0.7,76.0,1,2.8,100.0
STU0035,5.0,52.8,7.6,4.3,63.6,0,6.0,98.8
STU0036,2.3,45.9,6.1,3.9,82.1,0,4.7,58.4
STU0037,1.7,52.4,5.0,1.8,51.8,1,4.6,52.7
STU0038,5.0,65.4,7.5,6.2,70.3,0,8.1,91.3
STU0039,2.7,50.6,8.0,0.0,77.7,0,1.2,69.0
STU0040,6.9,48.1,6.8,8.0,58.3,0,10.7,100.0
STU0041,4.7,91.6,4.6,8.0,58.6,1,8.6,85.9
STU0042,8.4,59.2,7.6,0.4,65.4,1,1.7,100.0
STU0043,7.2,61.6,5.0,0.8,73.1,1,2.6,100.0
STU0044,3.5,43.3,7.1,1.4,64.8,1,2.7,80.5
STU0045,8.4,61.4,5.8,0.3,79.6,0,2.0,100.0
STU0046,8.1,55.9,5.5,2.3,58.1,1,3.5,100.0
STU0047,4.2,76.6,6.3,0.6,45.1,1,1.4,91.8
STU0048,3.2,52.3,6.6,2.5,94.7,1,3.1,88.4
STU0049,7.0,93.3,6.1,1.9,55.9,1,2.8,100.0
STU0050,1.8,95.8,7.4,1.6,56.5,0,4.5,59.7
STU0051,2.4,46.0,6.3,0.4,64.0,0,2.3,67.7
STU0052,0.6,46.4,7.9,1.1,66.0,1,2.8,41.5
STU0053,8.0,46.9,7.1,3.8,59.2,0,5.3,100.0
STU0054,6.8,77.2,6.0,4.7,64.7,1,7.0,100.0
STU0055,7.2,47.3,5.8,0.3,64.4,0,1.2,100.0
STU0056,7.9,91.1,5.0,0.2,67.6,0,1.4,100.0
STU0057,4.9,85.3,7.1,1.3,29.6,1,3.4,94.6
STU0058,5.9,89.2,6.4,0.3,93.2,1,2.0,100.0
STU0059,1.8,71.6,4.2,4.6,62.8,1,7.0,50.9
STU0060,1.6,99.8,6.2,4.9,73.7,0,7.6,58.8
STU0061,6.8,42.7,5.8,3.3,44.3,1,5.9,100.0
STU0062,5.0,64.1,8.5,1.2,57.9,1,2.2,100.0
STU0063,5.9,59.4,4.9,0.3,54.9,1,1.0,100.0
STU0064,7.8,96.9,5.2,0.1,87.0,1,1.0,100.0
STU0065,6.5,74.6,8.0,2.9,56.2,1,5.4,100.0
STU0066,5.8,88.4,8.3,2.6,76.4,0,5.4,100.0
STU0067,5.8,50.2,6.0,0.9,55.2,1,3.7,100.0
STU0068,3.4,98.7,6.1,2.7,58.2,1,3.9,88.4
STU0069,0.8,69.9,7.5,2.1,61.3,1,4.7,50.3
STU0070,4.6,69.6,4.2,0.2,84.3,1,2.0,95.2
STU0071,2.5,98.3,4.8,0.7,36.7,1,3.3,72.0
STU0072,4.4,62.8,6.5,3.0,45.3,1,4.9,87.8
STU0073,8.6,63.9,8.5,1.7,35.8,1,2.6,100.0
STU0074,2.7,75.1,6.3,4.5,48.7,1,5.2,73.5
STU0075,1.1,47.7,6.9,1.2,52.8,0,4.1,42.4
STU0076,3.2,59.3,8.0,6.2,40.8,0,7.8,59.9
STU0077,3.3,51.6,9.1,4.2,54.0,1,5.6,53.0
STU0078,6.8,46.2,6.2,4.8,34.8,0,6.2,100.0
STU0079,5.8,92.0,6.8,2.4,49.7,1,3.8,100.0
STU0080,7.9,75.4,8.8,0.3,83.0,1,3.2,100.0
STU0081,6.8,61.5,5.1,0.9,71.1,1,1.6,100.0
STU0082,4.4,64.5,7.9,8.0,67.8,0,8.8,75.8
STU0083,8.2,65.9,5.7,0.7,50.0,1,3.2,100.0
STU0084,2.1,78.0,6.9,2.2,42.0,1,4.1,60.8
STU0085,0.7,95.6,6.5,5.6,47.9,0,6.4,36.2
STU0086,1.4,96.0,5.7,5.1,64.4,1,5.7,56.4
STU0087,7.4,63.5,5.7,3.9,78.0,1,5.0,100.0
STU0088,4.9,59.8,7.1,4.2,78.5,1,5.4,100.0
STU0089,2.0,67.1,7.9,3.4,74.5,0,3.9,63.0
STU0090,5.3,74.1,6.7,3.7,53.9,0,4.7,100.0
STU0091,1.9,67.7,6.9,1.5,65.4,1,3.8,65.6
STU0092,7.1,79.5,7.4,3.6,60.2,0,6.2,100.0
STU0093,4.7,73.3,5.7,1.5,62.0,1,4.2,100.0
STU0094,4.1,59.2,7.6,5.4,95.6,1,6.9,85.4
STU0095,3.4,60.7,7.7,1.5,38.6,0,2.8,77.1
STU0096,6.5,62.7,9.7,3.7,61.5,1,6.7,100.0
STU0097,3.9,45.7,6.4,1.8,83.2,1,4.2,88.7
STU0098,1.3,50.0,6.3,0.3,43.0,1,2.1,53.3
STU0099,1.6,83.4,7.6,7.7,55.3,1,8.8,39.2
STU0100,9.6,63.3,7.7,1.2,57.1,1,2.5,100.0
STU0101,9.1,52.9,6.2,0.8,61.7,0,2.6,100.0
STU0102,7.1,73.8,6.4,0.2,41.1,0,2.1,100.0
STU0103,3.0,85.3,7.4,1.5,73.9,1,2.0,89.6
STU0104,9.7,55.4,5.9,1.4,75.0,1,4.3,100.0
STU0105,7.9,89.6,6.3,5.8,72.6,0,7.7,100.0
STU0106,7.3,95.7,6.9,3.4,51.9,0,5.4,100.0
STU0107,4.8,75.8,7.9,0.5,66.3,1,1.5,100.0
STU0108,3.1,80.1,6.1,1.3,51.5,0,3.7,70.7
STU0109,1.4,43.2,4.8,2.2,60.0,1,4.5,44.6
STU0110,9.1,96.7,4.7,6.5,97.3,1,7.2,100.0
STU0111,4.8,63.5,5.4,0.1,66.4,1,2.1,100.0
STU0112,2.4,95.4,5.4,1.1,47.2,0,3.2,73.5
STU0113,3.4,74.7,6.6,0.6,67.7,0,3.2,85.7
STU0114,6.0,40.3,5.5,2.0,44.7,1,3.0,100.0
STU0115,2.2,42.3,6.0,1.8,47.0,1,4.5,58.8
STU0116,8.6,80.8,5.9,3.3,49.4,0,5.0,100.0
STU0117,7.7,73.8,6.3,1.7,58.3,1,2.4,100.0
STU0118,7.3,41.6,8.3,2.2,79.1,1,3.0,100.0
STU0119,4.6,84.6,7.5,2.0,73.7,0,3.0,100.0
STU0120,6.5,91.1,6.8,0.4,72.8,1,1.6,100.0
STU0121,6.0,69.8,6.3,0.7,48.5,0,2.4,100.0
STU0122,6.7,67.9,6.3,0.8,56.9,1,3.2,100.0
STU0123,1.3,40.3,7.2,8.0,69.1,0,9.0,28.5
STU0124,4.5,87.2,7.4,0.3,55.6,1,3.3,100.0
STU0125,0.9,59.8,5.8,0.4,60.8,0,1.3,47.4
STU0126,5.2,92.7,6.8,0.0,71.6,1,2.0,100.0
STU0127,3.6,62.4,4.6,1.7,59.8,1,4.5,75.7
STU0128,1.9,73.9,7.0,3.5,68.4,1,6.1,63.9
STU0129,1.5,56.2,7.6,3.2,88.9,1,5.3,67.4
STU0130,6.1,49.6,6.5,2.0,62.4,1,4.3,100.0
STU0131,2.1,86.5,8.8,2.0,82.7,0,2.8,70.2
STU0132,9.3,69.8,5.8,1.5,73.4,0,2.0,100.0
STU0133,6.0,72.2,7.0,1.8,43.0,0,3.4,100.0
STU0134,3.8,97.9,6.8,2.9,48.5,1,3.6,94.1
STU0135,6.1,97.8,6.7,8.0,52.5,1,9.4,100.0
STU0136,0.7,91.3,6.7,5.8,52.2,1,6.9,44.9
STU0137,9.6,51.3,6.9,4.3,63.6,1,7.1,100.0
STU0138,5.1,75.7,7.7,5.9,74.2,1,8.6,95.7
STU0139,7.9,92.7,8.3,0.3,83.8,0,2.8,100.0
STU0140,1.3,62.5,6.8,4.4,69.6,0,6.7,44.6
STU0141,5.1,46.1,7.7,6.4,58.3,1,7.3,82.8
STU0142,5.2,88.7,6.0,0.2,33.8,0,0.8,100.0
STU0143,9.4,68.9,7.6,1.0,66.1,0,3.1,100.0
STU0144,5.9,73.9,6.0,3.5,65.4,1,5.6,100.0
STU0145,5.0,98.9,8.0,0.8,67.7,1,2.2,100.0
STU0146,3.0,76.4,9.2,0.8,96.6,1,2.5,91.1
STU0147,3.6,65.5,6.7,3.8,83.6,0,5.5,91.4
STU0148,5.4,62.2,4.4,3.7,76.8,1,4.8,100.0
STU0149,4.7,65.1,6.2,0.3,50.6,0,1.6,94.5
STU0150,0.7,47.1,8.2,1.2,57.3,1,2.7,51.0
STU0151,8.3,87.7,7.4,1.3,63.6,0,3.3,100.0
STU0152,9.0,90.3,7.1,0.4,53.4,1,3.3,100.0
STU0153,1.8,57.1,7.9,0.8,72.5,1,2.6,60.8
STU0154,5.8,58.2,7.3,0.1,70.4,1,2.4,100.0
STU0155,1.5,92.5,8.1,0.8,48.7,0,3.3,58.9
STU0156,6.9,41.4,7.8,1.5,83.0,1,2.3,100.0
STU0157,3.2,71.2,8.5,1.0,66.5,0,3.1,84.0
STU0158,6.8,67.8,7.2,3.8,39.1,1,5.5,100.0
STU0159,7.4,81.4,7.8,3.9,64.2,0,5.8,100.0
STU0160,7.8,49.8,6.5,2.1,69.2,0,2.7,100.0
STU0161,1.5,80.1,6.1,0.9,79.6,1,3.7,66.8
STU0162,9.2,62.6,8.7,0.1,59.9,1,3.0,100.0
STU0163,2.7,77.1,7.0,0.4,77.4,1,0.9,83.2
STU0164,0.9,42.4,7.7,3.7,67.8,0,4.7,34.1
STU0165,5.8,67.7,6.9,0.2,45.3,1,1.2,100.0
STU0166,4.0,71.3,6.2,0.1,43.8,0,2.6,94.1
STU0167,8.4,52.9,6.8,1.2,81.8,0,3.2,100.0
STU0168,8.2,48.4,8.4,4.6,82.9,1,5.5,100.0
STU0169,3.5,51.3,7.4,2.8,69.8,0,5.3,77.5
STU0170,9.6,60.6,4.9,4.3,87.4,1,5.7,100.0
STU0171,3.3,45.8,6.6,1.1,80.8,0,2.8,84.3
STU0172,5.4,96.8,8.8,1.6,75.3,0,3.1,100.0
STU0173,2.9,64.3,6.6,1.3,51.3,1,3.1,78.7
STU0174,9.4,88.5,4.8,2.9,91.0,0,4.6,100.0
STU0175,2.1,98.5,8.9,1.3,73.0,1,2.5,76.9
STU0176,0.9,44.8,7.6,3.2,59.2,1,4.8,30.9
STU0177,4.6,79.1,6.7,1.2,55.0,0,4.0,100.0
STU0178,9.9,92.3,6.4,1.0,68.9,1,2.8,100.0
STU0179,9.0,78.1,8.0,1.9,39.9,0,4.7,100.0
STU0180,7.6,65.7,6.2,0.6,75.5,1,2.5,100.0
STU0181,9.0,65.9,8.1,8.0,50.7,0,10.4,100.0
STU0182,9.0,42.2,7.4,1.8,70.6,1,3.0,100.0
STU0183,5.4,72.1,7.1,2.0,57.2,1,4.5,100.0
STU0184,3.5,99.6,7.0,2.0,61.0,1,3.2,100.0
STU0185,7.8,97.5,6.6,0.1,53.6,1,0.6,100.0
STU0186,6.8,42.4,8.0,2.2,62.6,0,3.1,100.0
STU0187,4.0,82.3,5.8,3.4,93.3,1,4.0,100.0
STU0188,1.4,58.1,5.0,1.8,85.8,1,4.7,52.0
STU0189,7.6,94.2,7.5,2.2,70.3,1,5.2,100.0
STU0190,3.0,42.7,7.5,1.8,64.6,1,4.2,64.5
STU0191,9.4,96.2,7.3,3.8,77.7,1,4.6,100.0
STU0192,2.8,90.2,7.2,1.2,81.9,0,3.9,98.3
STU0193,1.7,47.1,6.4,0.9,52.6,1,3.3,58.3
STU0194,8.4,43.6,7.7,1.4,63.8,1,2.7,100.0
STU0195,2.0,90.1,6.7,1.9,37.7,1,3.7,64.6
STU0196,2.2,49.3,6.3,1.5,81.8,0,3.7,64.6
STU0197,6.2,72.1,6.5,1.6,96.0,1,2.2,100.0
STU0198,8.8,94.9,9.0,2.2,66.2,0,4.0,100.0
STU0199,2.4,74.0,4.9,0.1,33.1,1,2.4,70.5
STU0200,3.4,63.8,7.3,8.0,74.1,1,9.0,73.1
STU0201,7.9,66.7,5.0,1.5,51.4,0,3.1,100.0
STU0202,9.7,43.8,6.7,1.9,55.0,1,3.7,100.0
STU0203,5.3,98.1,6.3,3.8,74.4,0,6.1,100.0
STU0204,1.9,58.6,4.5,1.4,68.8,1,4.3,45.8
STU0205,0.6,51.4,7.2,2.5,57.7,1,5.1,32.9
STU0206,2.7,57.2,6.4,8.0,55.3,0,10.1,46.9
STU0207,1.8,97.9,4.5,2.1,66.9,1,4.1,59.8
STU0208,6.9,45.7,7.7,4.3,58.9,0,6.3,100.0
STU0209,1.7,92.0,8.4,3.0,48.4,1,4.9,58.4
STU0210,5.3,82.5,8.4,1.5,60.0,1,2.1,100.0
STU0211,7.1,89.8,7.2,1.7,70.1,0,3.9,100.0
STU0212,6.0,98.6,6.9,0.5,62.3,1,2.8,100.0
STU0213,2.4,90.5,8.3,2.1,43.8,1,3.9,68.7
STU0214,8.1,96.6,8.7,1.6,79.8,1,4.3,100.0
STU0215,7.3,47.6,8.0,1.3,23.9,1,3.5,100.0
STU0216,7.5,87.7,5.8,0.5,58.3,1,1.9,100.0
STU0217,1.7,72.7,7.0,1.6,55.7,1,2.1,54.6
STU0218,1.7,72.6,7.3,5.7,67.2,0,6.3,49.9
STU0219,9.3,93.9,4.8,0.5,73.4,0,1.9,100.0
STU0220,4.3,98.3,7.3,1.8,81.9,1,3.5,100.0
STU0221,3.4,82.3,9.3,0.8,54.3,0,1.7,75.9
STU0222,5.1,69.0,7.5,1.0,73.8,1,2.0,100.0
STU0223,6.8,67.4,8.4,0.1,67.9,0,1.2,100.0
STU0224,9.6,63.2,7.0,5.0,39.3,1,7.5,100.0
STU0225,3.2,61.7,6.7,0.3,93.5,1,2.7,100.0
STU0226,9.3,63.5,7.2,1.8,43.4,1,3.3,100.0
STU0227,0.7,45.4,5.9,1.9,71.3,0,2.8,38.7
STU0228,5.8,44.6,5.7,2.4,70.8,1,3.2,100.0
STU0229,6.5,86.8,8.2,0.5,69.1,1,1.2,100.0
STU0230,1.5,66.8,8.3,3.9,57.6,1,5.4,51.5
STU0231,1.8,95.8,5.7,1.1,77.4,1,1.7,80.4
STU0232,4.5,76.7,7.9,1.4,41.6,1,2.7,100.0
STU0233,9.7,42.1,6.7,0.4,64.0,0,3.3,100.0
STU0234,6.2,49.5,7.2,0.5,56.5,1,2.3,100.0
STU0235,9.4,52.3,7.3,0.1,54.8,0,2.7,100.0
STU0236,8.1,98.5,7.9,0.0,71.4,0,0.8,100.0
STU0237,4.9,53.1,6.9,5.0,81.2,1,6.2,100.0
STU0238,8.0,70.9,8.4,0.1,59.9,1,3.0,100.0
STU0239,0.7,96.2,7.1,1.5,76.7,1,3.0,69.0
STU0240,1.5,98.6,7.5,6.0,65.7,1,8.1,57.5
STU0241,8.4,54.2,5.9,1.6,51.6,1,4.5,100.0
STU0242,8.1,42.9,9.2,0.4,61.1,0,2.3,100.0
STU0243,2.7,49.2,7.3,6.2,60.5,1,7.5,55.5
STU0244,5.5,43.8,7.6,3.2,54.6,1,5.0,100.0
STU0245,6.3,51.7,5.0,0.0,71.4,1,0.6,100.0
STU0246,8.7,74.1,5.9,3.8,68.5,1,4.6,100.0
STU0247,6.2,94.7,8.2,3.0,41.1,1,3.5,100.0
STU0248,4.4,72.2,7.1,4.6,40.2,1,7.3,97.1
STU0249,4.1,77.6,4.7,2.6,71.4,1,4.8,89.2
STU0250,4.5,52.1,7.9,0.6,52.8,1,1.8,100.0
STU0251,6.7,88.0,6.2,2.7,69.5,1,3.8,100.0
STU0252,8.7,77.1,8.4,3.1,76.7,0,5.3,100.0
STU0253,4.8,91.8,6.7,4.1,45.9,1,6.9,99.1
STU0254,2.9,96.9,7.0,1.3,43.8,0,2.5,86.4
STU0255,2.7,60.9,8.1,1.4,90.1,1,2.7,89.0
STU0256,7.6,45.4,5.8,1.9,70.3,1,4.5,100.0
STU0257,8.3,53.6,5.7,1.7,58.7,1,4.4,100.0
STU0258,1.5,66.3,6.6,1.4,51.0,0,4.2,57.6
STU0259,1.1,96.7,7.7,0.8,57.3,1,2.0,64.2
STU0260,6.1,62.7,5.3,0.4,47.1,1,1.2,100.0
STU0261,1.9,86.2,5.0,2.7,78.3,0,4.3,66.2
STU0262,8.3,72.4,7.7,3.8,53.3,1,5.0,100.0
STU0263,3.4,51.0,6.1,1.8,81.4,0,4.5,78.7
STU0264,1.9,59.2,6.4,1.7,59.0,1,2.3,64.1
STU0265,9.2,79.2,4.8,6.8,49.3,0,8.9,100.0
STU0266,2.1,80.4,6.1,3.0,58.6,1,5.8,60.7
STU0267,3.2,66.1,6.8,1.6,25.6,1,4.5,73.7
STU0268,2.0,53.7,7.8,1.3,63.2,1,3.4,63.7
STU0269,1.6,83.3,6.0,1.2,62.4,0,4.1,56.7
STU0270,0.7,50.1,8.6,2.1,77.4,1,2.8,39.3
STU0271,1.0,96.2,6.0,2.1,36.7,1,3.5,46.8
STU0272,2.2,51.3,6.0,3.9,82.4,0,4.4,61.3
STU0273,1.0,46.4,8.5,0.6,77.3,0,3.6,35.8
STU0274,6.1,69.9,7.0,4.0,83.8,0,6.8,100.0
STU0275,7.0,71.2,6.2,2.8,64.2,1,3.4,100.0
STU0276,4.2,70.5,6.6,1.1,80.2,0,1.6,100.0
STU0277,3.5,66.2,8.3,0.7,42.9,1,2.1,74.0
STU0278,5.3,99.7,8.4,2.8,75.7,1,3.9,100.0
STU0279,8.8,69.2,5.9,1.8,53.4,1,4.4,100.0
STU0280,8.6,68.7,6.8,0.4,40.2,1,1.3,100.0
STU0281,0.9,65.3,6.9,1.5,48.1,1,4.0,38.7
STU0282,2.2,44.0,5.7,3.1,65.1,0,5.0,53.6
STU0283,2.7,75.6,6.7,3.0,52.6,1,4.4,68.1
STU0284,2.9,53.7,6.8,2.1,70.6,0,3.0,67.8
STU0285,5.9,78.3,8.1,2.9,37.9,0,5.9,100.0
STU0286,4.5,43.1,8.1,2.3,33.1,1,4.3,88.7
STU0287,1.0,98.9,6.4,2.1,85.6,0,3.7,66.7
STU0288,4.0,68.1,6.6,0.8,78.6,0,2.2,95.8
STU0289,5.5,93.8,7.5,3.2,49.3,1,6.0,100.0
STU0290,1.5,68.5,6.2,1.8,65.0,0,4.4,44.2
STU0291,8.4,43.6,7.4,3.7,80.3,0,6.2,100.0
STU0292,1.0,89.3,6.7,2.8,71.3,1,4.8,54.6
STU0293,9.3,78.9,5.7,0.1,67.2,1,2.8,100.0
STU0294,1.4,86.9,5.7,1.5,81.4,1,2.7,67.2
STU0295,8.5,65.7,8.4,1.1,54.0,0,3.4,100.0
STU0296,9.1,78.3,6.6,0.8,65.5,1,2.3,100.0
STU0297,9.8,91.4,8.6,2.1,64.7,1,4.1,100.0
STU0298,8.1,77.9,6.2,0.7,60.9,0,3.7,100.0
STU0299,7.9,60.9,7.1,0.4,59.2,0,3.4,100.0
STU0300,6.6,79.8,9.4,0.4,66.1,0,2.2,100.0
STU0301,7.9,80.3,5.6,0.5,65.5,1,2.4,100.0
STU0302,1.8,97.6,4.7,2.0,49.3,0,4.7,58.1
STU0303,5.6,62.3,8.2,6.8,77.0,1,9.8,97.1
STU0304,5.4,65.5,5.9,1.0,50.4,1,3.4,100.0
STU0305,8.6,88.7,6.8,4.2,61.7,0,4.9,100.0
STU0306,4.9,70.3,6.2,0.5,60.6,1,1.8,100.0
STU0307,4.2,84.2,7.1,1.0,70.4,0,3.7,100.0
STU0308,6.6,67.6,5.8,4.2,33.2,0,6.6,100.0
STU0309,3.0,52.9,6.6,2.9,78.4,1,5.3,75.3
STU0310,1.8,84.7,7.3,3.0,54.8,1,5.2,58.4
STU0311,5.0,47.9,5.7,3.7,83.3,1,5.2,100.0
STU0312,4.5,51.9,6.0,7.0,57.8,1,8.5,74.9
STU0313,2.7,77.6,6.4,2.7,64.3,0,5.2,69.9
STU0314,4.0,84.8,5.2,0.4,93.7,1,1.6,100.0
STU0315,4.0,93.7,6.3,3.8,60.8,0,6.0,91.3
STU0316,3.6,56.4,6.9,3.5,83.6,1,5.8,84.7
STU0317,4.1,46.6,6.4,4.0,65.6,1,6.6,82.1
STU0318,7.0,97.4,6.5,0.9,71.2,0,2.2,100.0
STU0319,3.3,49.3,6.8,1.9,66.0,1,4.3,80.5
STU0320,9.5,51.9,6.1,0.2,77.7,1,1.0,100.0
STU0321,9.2,57.5,7.6,0.9,54.7,1,1.7,100.0
STU0322,5.1,71.8,8.4,1.4,50.2,0,2.9,100.0
STU0323,3.6,93.0,6.3,1.1,55.4,0,1.7,92.8
STU0324,5.6,85.6,7.3,3.9,66.5,0,6.8,100.0
STU0325,8.6,82.5,6.5,1.1,61.7,1,3.9,100.0
STU0326,6.7,50.5,7.2,8.0,75.7,1,8.6,100.0
STU0327,8.1,61.5,8.5,0.9,84.6,0,3.5,100.0
STU0328,5.6,68.7,7.4,1.8,50.4,1,3.6,100.0
STU0329,6.5,48.8,4.8,0.2,54.0,1,2.5,100.0
STU0330,3.2,56.4,7.3,2.1,43.5,0,4.8,76.6
STU0331,7.5,58.5,8.2,1.2,95.5,1,3.1,100.0
STU0332,2.4,47.6,6.6,8.0,69.6,1,8.8,56.5
STU0333,7.1,73.0,7.9,1.7,72.2,1,2.2,100.0
STU0334,8.7,82.3,6.0,0.2,44.9,1,1.9,100.0
STU0335,1.8,44.2,5.2,0.2,65.0,0,3.1,48.9
STU0336,6.3,68.9,7.0,0.2,72.6,1,2.1,100.0
STU0337,1.4,86.9,4.9,0.9,61.2,1,2.3,60.0
STU0338,7.4,84.9,6.5,0.8,81.1,1,1.4,100.0
STU0339,1.3,88.9,8.2,8.0,99.7,1,10.8,51.5
STU0340,9.4,66.9,4.7,0.5,50.8,1,1.8,100.0
STU0341,1.8,89.2,5.4,2.6,49.7,1,4.9,63.7
STU0342,9.6,54.4,5.7,1.2,51.8,0,3.4,100.0
STU0343,8.1,61.6,6.7,2.7,89.1,0,3.8,100.0
STU0344,6.1,50.6,6.4,0.8,80.6,1,1.5,100.0
STU0345,7.9,68.0,8.3,0.1,63.0,1,1.6,100.0
STU0346,8.1,63.5,7.8,0.5,65.5,1,1.8,100.0
STU0347,9.5,54.5,7.3,1.0,52.8,1,3.3,100.0
STU0348,2.9,85.1,7.0,5.3,78.4,0,7.8,76.4
STU0349,6.1,58.8,7.2,2.9,59.3,0,4.0,100.0
STU0350,1.4,56.4,5.9,0.6,61.1,1,2.4,55.4
STU0351,6.4,47.9,7.7,1.4,74.1,0,2.0,100.0
STU0352,2.1,66.3,5.6,0.9,62.2,1,1.9,75.4
STU0353,5.9,58.2,7.7,0.1,61.5,1,2.5,100.0
STU0354,5.9,62.2,8.1,0.4,65.2,1,2.9,100.0
STU0355,4.9,54.2,7.0,3.0,76.9,1,5.4,97.6
STU0356,5.5,85.8,6.6,2.2,89.7,1,3.1,100.0
STU0357,7.8,95.8,7.2,1.2,73.8,1,3.1,100.0
STU0358,8.1,69.9,4.0,2.6,77.0,0,4.2,100.0
STU0359,5.2,78.6,7.1,4.2,62.0,1,7.2,100.0
STU0360,6.2,92.0,6.7,4.1,54.4,1,6.2,100.0
STU0361,9.3,99.9,6.7,0.3,74.8,0,3.1,100.0
STU0362,1.6,76.8,7.6,6.0,67.6,1,6.9,53.6
STU0363,1.6,93.4,6.7,0.4,43.7,1,2.0,69.8
STU0364,1.3,94.5,5.5,3.2,60.1,0,5.6,54.4
STU0365,6.7,87.5,6.6,0.3,63.8,1,1.7,100.0
STU0366,4.5,67.7,6.9,0.6,57.3,1,2.7,91.6
STU0367,7.9,44.9,6.9,3.3,87.2,1,5.1,100.0
STU0368,6.9,40.9,7.0,0.8,72.2,1,3.8,100.0
STU0369,3.7,68.6,7.9,0.8,85.6,1,1.7,98.3
STU0370,9.0,69.7,5.6,6.4,69.0,1,9.2,100.0
STU0371,7.7,64.4,7.0,0.4,66.2,1,1.9,100.0
STU0372,3.1,74.1,8.2,2.2,51.0,0,3.9,73.8
STU0373,4.0,73.1,4.9,4.3,65.2,0,6.1,84.3
STU0374,3.5,90.2,7.0,2.2,65.2,1,3.4,100.0
STU0375,2.0,46.5,6.2,1.2,44.5,1,4.1,55.3
STU0376,1.9,53.5,6.4,0.1,56.9,0,2.9,59.3
STU0377,9.4,87.6,5.8,2.8,60.2,0,5.7,100.0
STU0378,4.7,90.9,6.6,2.7,71.2,1,5.7,100.0
STU0379,4.1,99.7,8.8,2.1,71.9,1,4.3,94.5
STU0380,7.4,92.4,5.4,2.0,56.3,1,3.6,100.0
STU0381,5.8,93.4,5.5,2.9,72.0,1,5.5,100.0
STU0382,9.4,58.9,5.4,0.4,62.3,1,1.0,100.0
STU0383,7.9,64.1,8.7,1.1,22.0,1,3.7,100.0
STU0384,5.1,56.1,6.3,5.3,57.7,0,7.0,89.4
STU0385,4.1,76.4,6.8,0.2,81.2,1,2.4,100.0
STU0386,9.9,96.3,6.4,7.4,39.8,0,8.8,100.0
STU0387,7.3,60.7,5.8,3.5,66.7,1,4.9,100.0
STU0388,9.5,73.4,6.5,1.0,88.8,0,1.6,100.0
STU0389,1.6,57.8,9.5,1.6,53.6,1,3.2,42.8
STU0390,8.6,50.2,8.3,3.0,65.0,1,4.5,100.0
STU0391,6.6,51.7,5.9,0.2,45.4,0,1.3,100.0
STU0392,1.7,43.5,7.5,1.8,89.4,1,2.9,62.1
STU0393,6.1,97.0,5.9,2.3,63.8,0,4.3,100.0
STU0394,7.0,64.2,4.8,4.0,65.7,1,5.3,100.0
STU0395,0.6,90.0,7.9,4.4,85.3,1,7.0,54.1
STU0396,4.8,80.9,8.1,7.0,74.9,0,7.8,94.5
STU0397,8.3,51.5,8.0,1.8,51.9,1,3.7,100.0
STU0398,3.3,50.5,6.3,4.7,55.3,1,5.6,67.0
STU0399,4.9,88.7,6.6,0.7,72.4,0,2.5,100.0
STU0400,4.7,55.9,7.6,1.9,55.6,1,3.8,91.8
STU0401,3.4,94.8,7.2,2.5,33.2,1,4.6,77.4
STU0402,9.2,48.4,6.4,1.4,64.2,1,3.0,100.0
STU0403,7.9,80.7,5.0,2.2,42.8,0,4.0,100.0
STU0404,1.6,88.9,6.9,5.8,89.2,1,6.8,69.1
STU0405,10.0,54.1,8.0,2.6,67.7,0,4.3,100.0
STU0406,8.9,56.6,5.5,1.7,51.4,1,3.1,100.0
STU0407,3.2,97.9,7.5,5.4,54.5,1,7.6,77.3
STU0408,8.5,55.9,7.2,5.9,36.7,1,7.5,100.0
STU0409,1.5,65.8,7.6,2.1,48.5,0,4.5,47.4
STU0410,10.0,66.0,7.8,1.6,80.2,0,3.2,100.0
STU0411,6.8,55.2,6.0,4.1,98.5,1,5.2,100.0
STU0412,6.7,86.5,5.0,6.7,75.9,0,7.9,100.0
STU0413,1.4,86.3,6.2,1.4,63.6,1,2.0,71.8
STU0414,9.0,62.7,7.8,1.5,58.5,1,3.3,100.0
STU0415,0.8,90.1,6.2,4.4,50.7,1,7.0,39.8
STU0416,2.8,52.8,6.0,1.7,95.9,0,4.1,83.5
STU0417,1.9,40.3,4.8,1.8,62.2,0,3.4,41.3
STU0418,7.9,74.3,8.7,2.6,96.7,1,3.6,100.0
STU0419,2.4,99.6,7.7,0.4,85.9,1,3.1,99.1
STU0420,9.2,42.3,7.6,2.1,38.9,0,2.7,100.0
STU0421,6.7,52.5,7.9,0.2,55.0,0,1.7,100.0
STU0422,0.8,71.1,7.4,0.2,55.0,0,2.8,61.3
STU0423,0.6,88.6,6.5,3.6,63.8,1,5.1,50.2
STU0424,1.0,45.3,6.6,2.0,64.1,0,2.8,41.4
STU0425,6.3,63.7,6.3,0.0,100.0,0,1.2,100.0
STU0426,8.1,84.8,9.7,2.0,48.8,1,4.0,100.0
STU0427,2.8,62.3,7.4,2.4,68.4,0,3.3,79.6
STU0428,8.6,51.3,6.3,0.5,74.2,0,2.6,100.0
STU0429,1.0,51.7,7.3,0.5,65.0,1,2.1,55.2
STU0430,8.1,64.6,5.7,0.2,66.7,1,1.5,100.0
STU0431,9.3,68.8,8.5,1.4,49.3,0,2.5,100.0
STU0432,7.8,91.7,6.1,2.5,66.6,1,5.1,100.0
STU0433,7.1,78.5,7.4,8.0,72.7,0,9.5,100.0
STU0434,8.5,81.4,8.0,0.6,69.9,0,2.9,100.0
STU0435,0.9,99.0,7.2,2.5,73.6,1,4.1,61.0
STU0436,2.4,64.7,6.9,1.3,86.2,1,2.0,76.9
STU0437,1.7,64.2,6.8,2.3,79.1,1,3.9,69.2
STU0438,5.3,95.4,6.7,3.4,66.1,1,5.2,100.0
STU0439,7.6,54.8,6.2,1.2,47.4,0,2.8,100.0
STU0440,6.5,83.8,6.3,0.2,56.0,1,2.7,100.0
STU0441,8.6,85.3,8.4,3.8,61.7,1,6.6,100.0
STU0442,2.0,45.9,6.7,1.8,68.8,0,4.3,58.0
STU0443,7.5,68.1,5.9,5.8,57.8,1,7.8,100.0
STU0444,2.3,52.0,6.2,0.5,51.0,0,2.4,56.1
STU0445,3.1,51.1,8.0,0.4,47.2,1,2.5,72.0
STU0446,7.2,67.8,7.5,0.5,40.2,1,1.7,100.0
STU0447,9.8,57.4,7.4,8.0,61.5,0,10.5,100.0
STU0448,6.3,87.8,6.5,4.6,43.0,1,7.2,100.0
STU0449,1.0,94.5,7.4,0.8,50.0,0,2.0,57.3
STU0450,6.4,88.2,6.1,0.9,59.1,1,3.7,100.0
STU0451,0.9,56.0,6.5,2.5,45.0,0,5.1,27.1
STU0452,8.9,56.4,7.9,1.4,70.7,0,3.0,100.0
STU0453,7.2,55.3,7.8,0.8,76.1,1,3.6,100.0
STU0454,2.1,48.1,5.7,1.0,56.8,1,1.8,57.9
STU0455,1.4,96.6,5.9,5.2,58.4,0,5.8,54.2
STU0456,2.2,64.1,6.9,2.8,73.1,1,4.2,66.7
STU0457,9.8,53.5,8.7,5.2,54.3,0,7.1,100.0
STU0458,4.9,90.8,4.7,6.6,53.3,1,8.0,92.4
STU0459,7.9,64.0,7.1,2.7,82.9,0,5.6,100.0
STU0460,6.5,42.1,5.3,2.5,78.3,0,3.6,100.0
STU0461,5.9,49.7,6.1,0.4,74.0,1,1.6,100.0
STU0462,1.9,78.4,6.4,1.8,78.9,1,3.9,73.1
STU0463,9.5,87.0,6.3,0.9,35.3,1,1.4,100.0
STU0464,3.4,52.7,6.2,6.2,85.3,1,8.5,69.3
STU0465,6.0,95.0,6.8,0.8,70.9,1,2.2,100.0
STU0466,7.1,91.1,6.2,1.0,80.2,1,3.9,100.0
STU0467,6.7,90.9,5.2,6.4,70.8,1,8.6,100.0
STU0468,9.4,53.7,7.7,8.0,65.7,1,8.6,100.0
STU0469,1.9,43.0,7.6,2.5,60.9,1,3.2,53.5
STU0470,5.3,92.0,7.7,2.1,70.5,1,2.8,100.0
STU0471,4.3,58.3,5.1,0.8,60.3,1,3.7,89.2
STU0472,5.0,77.1,7.1,3.7,78.0,1,5.9,100.0
STU0473,1.6,85.6,7.5,1.7,41.2,1,3.3,60.2
STU0474,1.8,47.7,5.7,1.9,56.9,1,2.9,46.5
STU0475,3.1,86.9,6.8,1.7,95.7,1,4.4,89.0
STU0476,3.4,96.3,6.7,1.6,55.6,1,2.6,86.2
STU0477,4.6,83.7,8.8,0.8,61.4,1,3.1,100.0
STU0478,6.3,66.5,8.9,8.0,51.8,1,10.4,90.4
STU0479,6.5,92.6,5.0,3.3,70.0,1,4.5,100.0
STU0480,4.4,71.6,9.5,8.0,54.0,1,9.8,67.5
STU0481,4.4,84.7,5.8,8.0,62.2,0,9.1,78.9
STU0482,2.6,89.2,7.9,1.2,77.7,1,2.6,89.4
STU0483,6.1,85.0,7.9,1.7,54.5,0,4.6,100.0
STU0484,3.5,57.3,5.7,3.8,76.8,0,6.0,61.5
STU0485,0.8,47.1,7.3,1.0,77.3,1,3.6,48.8
STU0486,4.5,54.3,6.7,6.4,80.8,1,8.3,90.2
STU0487,5.0,70.2,7.4,1.6,67.1,1,2.7,100.0
STU0488,2.6,70.3,7.1,1.1,100.0,0,3.4,93.4
STU0489,5.9,75.0,8.1,1.3,80.8,1,3.1,100.0
STU0490,5.9,63.7,6.9,0.2,69.9,1,1.1,100.0
STU0491,7.2,87.2,6.6,0.9,51.9,1,2.4,100.0
STU0492,6.7,94.8,8.0,8.0,63.5,1,10.1,100.0
STU0493,6.7,54.8,7.4,1.3,86.4,0,3.6,100.0
STU0494,3.5,84.2,7.6,1.2,90.6,0,2.3,100.0
STU0495,8.0,80.7,6.1,2.3,87.2,0,5.0,100.0
STU0496,5.7,71.4,5.7,2.1,76.8,0,3.5,100.0
STU0497,4.6,51.3,6.2,0.3,46.2,1,1.5,100.0
STU0498,6.4,87.7,6.1,2.7,72.3,0,3.7,100.0
STU0499,3.9,97.6,7.7,0.3,46.4,0,2.8,100.0
STU0500,5.4,83.3,7.9,0.6,42.7,0,2.0,100.0
STU0501,7.5,95.1,6.6,0.1,68.6,0,1.8,100.0
STU0502,8.9,99.1,8.4,3.8,72.8,1,4.9,100.0
STU0503,9.3,61.1,8.3,3.1,78.6,0,5.3,100.0
STU0504,5.3,78.3,7.1,1.1,72.5,1,3.6,100.0
STU0505,5.4,68.4,5.9,2.7,73.0,0,4.0,100.0
STU0506,8.1,99.2,8.5,5.6,50.2,0,8.5,100.0
STU0507,3.5,45.6,6.7,0.5,63.4,0,1.1,79.4
STU0508,8.5,64.7,6.9,1.2,42.4,1,2.0,100.0
STU0509,5.2,92.5,6.4,0.3,34.9,0,2.3,100.0
STU0510,1.6,57.0,5.8,0.0,76.1,1,2.3,67.5
STU0511,1.2,87.3,5.2,0.4,53.7,0,1.5,51.7
STU0512,8.5,63.0,7.5,2.5,78.1,1,4.4,100.0
STU0513,1.0,98.8,5.9,2.0,81.6,0,3.3,63.5
STU0514,3.2,93.0,10.0,1.3,55.7,1,3.2,76.1
STU0515,3.7,58.1,5.6,2.2,73.9,1,4.3,94.9
STU0516,2.1,86.2,5.4,4.7,55.1,0,7.6,50.5
STU0517,3.5,60.2,7.4,2.1,37.3,0,3.7,73.5
STU0518,7.6,76.4,8.5,3.5,66.8,1,5.6,100.0
STU0519,0.6,79.5,6.9,1.6,57.9,0,3.5,45.8
STU0520,8.4,89.8,7.4,0.1,58.4,0,1.4,100.0
STU0521,8.6,41.5,4.8,1.3,94.6,1,2.4,100.0
STU0522,4.0,53.2,6.1,4.9,42.1,0,7.9,70.7
STU0523,2.0,82.7,5.6,2.3,70.7,1,3.3,67.9
STU0524,6.2,73.8,4.7,8.0,50.1,1,10.5,92.5
STU0525,1.6,69.7,6.9,2.5,78.6,1,3.4,69.1
STU0526,4.0,43.3,4.3,4.1,69.5,0,6.6,57.7
STU0527,9.6,60.9,5.3,4.5,70.7,1,5.5,100.0
STU0528,10.0,91.9,6.2,1.9,50.8,1,4.8,100.0
STU0529,7.8,41.9,5.9,1.6,53.5,0,3.8,100.0
STU0530,3.5,63.8,7.2,2.5,78.9,1,3.2,93.8
STU0531,7.0,96.7,7.1,4.4,91.6,1,6.6,100.0
STU0532,7.2,43.1,7.8,3.5,72.2,1,5.5,100.0
STU0533,4.2,85.0,7.6,3.3,51.5,0,4.6,85.3
STU0534,6.6,55.5,8.1,0.4,70.1,0,1.6,100.0
STU0535,0.6,92.0,6.8,1.3,100.0,1,3.6,61.0
STU0536,2.5,84.8,7.1,3.0,66.5,1,5.4,68.0
STU0537,5.5,93.1,7.4,1.6,86.9,1,2.9,100.0
STU0538,2.1,53.0,7.0,6.3,53.9,0,9.0,40.4
STU0539,2.1,71.9,6.4,0.1,64.4,1,1.3,68.5
STU0540,8.4,86.8,6.4,0.9,74.3,0,1.6,100.0
STU0541,9.9,54.7,5.9,0.1,71.0,0,2.1,100.0
STU0542,5.8,53.8,7.3,0.9,53.5,1,1.7,100.0
STU0543,8.5,41.6,6.7,0.0,52.9,0,1.2,100.0
STU0544,9.9,97.5,6.1,8.0,79.8,0,9.8,100.0
STU0545,1.8,82.6,6.1,2.5,82.9,0,3.7,73.8
STU0546,4.8,78.1,5.5,2.2,87.7,1,3.2,100.0
STU0547,4.2,84.6,7.9,2.3,92.1,0,4.6,100.0
STU0548,1.3,71.9,6.9,1.0,67.0,1,2.9,50.6
STU0549,7.7,68.6,5.9,0.5,60.3,1,3.1,100.0
STU0550,4.6,67.0,7.7,2.7,85.3,1,4.7,100.0
STU0551,5.0,78.4,6.2,0.4,75.7,1,2.1,100.0
STU0552,1.9,52.1,5.3,0.1,50.3,1,1.3,60.6
STU0553,2.2,93.3,7.9,1.1,49.5,0,3.6,64.5
STU0554,9.1,88.7,6.2,2.3,72.4,1,3.3,100.0
STU0555,0.9,61.0,6.4,0.2,62.3,1,1.3,64.8
STU0556,2.7,74.7,6.8,4.6,64.6,1,7.2,62.9
STU0557,3.3,48.5,8.1,2.1,81.1,1,4.5,75.4
STU0558,5.2,98.3,6.8,6.7,76.4,0,8.7,100.0
STU0559,6.1,94.2,5.5,0.1,84.9,1,0.7,100.0
STU0560,5.2,95.3,7.4,0.0,36.0,0,0.8,100.0
STU0561,1.3,59.9,6.3,0.8,68.8,1,2.5,67.1
STU0562,2.8,50.1,8.9,0.1,75.4,0,2.5,73.2
STU0563,8.5,52.7,6.8,4.0,42.1,1,5.7,100.0
STU0564,6.6,45.4,4.3,3.3,55.2,1,3.8,98.9
STU0565,6.7,47.2,7.2,1.3,52.4,1,2.3,100.0
STU0566,6.9,44.3,8.9,0.5,65.3,0,2.5,100.0
STU0567,7.7,99.4,8.5,2.0,89.4,1,4.2,100.0
STU0568,1.1,44.4,8.8,2.0,95.3,0,2.6,51.3
STU0569,4.0,48.0,5.7,4.0,52.8,0,4.6,70.5
STU0570,5.6,89.6,7.8,0.5,72.9,1,1.7,100.0
STU0571,3.7,74.8,6.0,3.4,73.4,1,4.1,97.2
STU0572,8.5,86.5,7.0,2.9,70.8,1,4.8,100.0
STU0573,5.1,77.9,5.4,1.4,71.0,0,2.2,99.9
STU0574,7.8,92.9,6.1,0.1,69.6,1,2.2,100.0
STU0575,8.6,78.3,6.1,0.3,90.3,1,2.7,100.0
STU0576,5.3,71.3,7.8,0.3,81.5,0,3.2,100.0
STU0577,9.1,82.8,7.7,2.0,49.1,1,4.9,100.0
STU0578,6.1,66.8,7.1,4.8,76.9,1,6.0,100.0
STU0579,8.6,60.8,5.3,2.7,78.4,1,3.3,100.0
STU0580,3.7,68.1,6.5,0.7,69.7,1,2.0,92.9
STU0581,5.2,50.2,6.0,2.4,82.0,1,4.7,100.0
STU0582,5.5,87.8,7.8,2.9,67.8,0,3.5,100.0
STU0583,1.5,55.6,8.1,8.0,68.0,0,9.4,26.7
STU0584,4.3,49.2,8.0,0.1,66.8,1,1.3,100.0
STU0585,9.2,54.8,6.0,2.1,34.7,1,3.1,100.0
STU0586,6.5,90.5,4.0,5.5,63.8,1,7.8,100.0
STU0587,2.2,59.8,4.9,0.1,55.0,1,2.2,61.5
STU0588,3.7,81.2,8.4,0.7,47.2,1,2.5,88.0
STU0589,2.3,91.4,6.4,2.4,86.5,0,5.2,86.8
STU0590,0.7,44.7,6.0,1.3,72.6,1,2.1,42.7
STU0591,9.3,85.9,8.6,1.8,64.6,1,2.7,100.0
STU0592,4.8,58.5,8.2,1.7,56.5,1,3.2,100.0
STU0593,3.4,53.0,6.8,2.8,69.4,0,4.9,70.7
STU0594,6.2,81.3,6.5,1.1,79.9,0,3.1,100.0
STU0595,0.6,94.6,6.7,3.1,52.6,0,3.8,48.5
STU0596,3.1,57.7,7.0,3.8,64.9,1,6.7,79.4
STU0597,7.2,74.1,8.6,2.3,78.0,1,3.6,100.0
STU0598,6.5,57.4,7.3,0.9,36.0,0,2.3,100.0
STU0599,9.8,73.3,7.6,5.4,64.1,1,7.5,100.0
STU0600,6.4,77.3,8.1,0.1,58.6,1,3.0,100.0
STU0601,5.0,76.6,5.5,1.7,63.0,0,3.9,100.0
STU0602,7.7,77.4,7.6,3.5,57.5,1,6.4,100.0
STU0603,9.1,48.1,6.5,1.2,67.1,1,2.2,100.0
STU0604,7.3,81.6,4.0,1.0,93.9,0,3.0,100.0
STU0605,9.7,80.5,4.5,0.3,60.1,1,2.9,100.0
STU0606,7.9,81.0,5.7,1.5,69.4,1,3.3,100.0
STU0607,8.7,44.4,7.4,6.7,94.9,0,8.1,100.0
STU0608,1.6,66.8,6.9,0.1,56.7,0,3.1,50.6
STU0609,7.5,64.5,7.0,0.1,92.2,1,1.0,100.0
STU0610,4.7,45.2,8.9,5.7,65.1,0,7.2,66.0
STU0611,5.8,53.3,5.4,8.0,91.7,1,10.7,100.0
STU0612,6.7,66.5,6.8,2.4,76.3,1,5.2,100.0
STU0613,9.7,84.6,7.1,8.0,69.6,1,11.0,100.0
STU0614,9.9,54.2,6.0,2.0,64.0,1,4.7,100.0
STU0615,3.2,89.8,6.8,2.0,55.6,1,2.6,94.5
STU0616,7.5,72.7,5.0,3.2,66.1,1,6.0,100.0
STU0617,7.6,85.6,8.4,8.0,78.5,1,9.6,100.0
STU0618,3.8,68.4,6.1,0.9,64.8,1,3.0,97.3
STU0619,1.7,70.0,9.0,1.9,60.3,0,3.4,50.1
STU0620,0.9,77.2,6.8,6.8,61.2,1,9.3,31.9
STU0621,7.9,95.7,7.9,6.3,79.9,0,8.2,100.0
STU0622,5.2,69.5,6.7,5.6,83.4,1,8.2,100.0
STU0623,9.9,71.7,6.8,3.0,55.0,1,4.0,100.0
STU0624,4.9,76.1,6.2,3.0,55.0,0,4.0,100.0
STU0625,9.8,84.3,6.9,2.0,70.7,0,3.6,100.0
STU0626,4.4,44.3,7.1,0.2,87.9,1,0.7,100.0
STU0627,8.0,70.9,5.9,1.1,82.2,1,3.3,100.0
STU0628,1.3,68.9,6.7,3.5,46.2,1,4.7,45.7
STU0629,5.8,95.3,6.1,1.2,61.0,1,3.1,100.0
STU0630,8.1,69.6,9.3,0.8,51.0,1,1.5,100.0
STU0631,9.3,68.1,6.7,0.1,61.0,1,1.0,100.0
STU0632,8.3,97.7,8.5,4.1,89.1,0,6.2,100.0
STU0633,0.9,67.0,6.6,1.9,43.7,1,3.2,41.3
STU0634,4.0,50.9,7.1,1.2,40.7,0,2.2,81.2
STU0635,1.0,53.0,5.3,2.8,52.6,1,3.9,45.8
STU0636,1.5,45.7,6.3,0.4,69.3,1,1.4,65.3
STU0637,6.9,40.0,7.0,5.2,74.3,0,7.3,100.0
STU0638,7.3,65.9,8.5,2.1,71.6,1,3.0,100.0
STU0639,7.9,86.2,7.0,5.0,82.6,0,6.4,100.0
STU0640,8.7,84.0,8.3,0.1,38.6,0,2.3,100.0
STU0641,7.5,41.9,7.5,0.5,82.8,0,2.3,100.0
STU0642,8.1,74.2,8.6,0.3,60.3,0,2.3,100.0
STU0643,1.0,49.3,6.7,0.7,76.0,0,1.8,57.3
STU0644,2.7,96.5,9.4,3.1,45.1,1,5.9,72.3
STU0645,6.4,50.0,6.3,0.3,65.1,1,1.8,100.0
STU0646,8.7,77.6,6.0,7.7,68.5,1,8.9,100.0
STU0647,0.5,59.6,5.5,2.4,82.3,1,5.2,31.1
STU0648,5.4,78.5,9.4,3.9,41.2,0,6.0,87.8
STU0649,6.9,64.7,7.7,7.8,65.5,0,9.8,100.0
STU0650,0.8,85.6,6.4,1.1,48.7,1,3.8,58.8
STU0651,4.3,53.8,8.2,3.0,72.6,1,3.6,98.9
STU0652,9.0,94.3,7.6,0.2,76.7,1,2.8,100.0
STU0653,6.9,70.0,9.0,0.1,84.3,0,2.3,100.0
STU0654,2.8,85.4,5.1,1.7,57.0,1,3.1,80.1
STU0655,8.6,91.0,6.5,2.6,78.9,1,3.7,100.0
STU0656,3.8,99.9,6.3,3.1,85.4,1,3.9,95.9
STU0657,8.6,53.4,4.6,5.0,40.4,0,7.9,100.0
STU0658,3.3,57.2,8.0,4.2,74.2,0,5.1,77.7
STU0659,6.1,55.0,6.5,2.2,79.4,1,3.3,100.0
STU0660,4.3,55.8,7.6,1.6,61.1,1,3.8,88.9
STU0661,3.1,74.9,9.4,1.2,46.8,1,3.5,69.6
STU0662,8.9,99.6,6.4,0.0,79.1,0,0.9,100.0
STU0663,2.3,99.4,6.3,2.9,47.0,1,5.4,71.2
STU0664,1.3,71.6,6.9,4.8,62.3,1,6.6,41.1
STU0665,3.7,78.3,7.9,3.7,64.4,1,6.3,95.8
STU0666,7.3,91.6,6.2,1.1,75.7,1,1.8,100.0
STU0667,8.2,96.0,6.1,1.6,55.6,1,2.2,100.0
STU0668,10.0,52.2,8.0,1.2,54.7,0,3.3,100.0
STU0669,3.3,71.7,7.2,1.5,66.5,1,2.4,91.4
STU0670,4.4,90.0,4.6,2.0,80.1,1,3.8,94.8
STU0671,1.8,58.2,5.5,0.2,99.3,1,0.7,75.5
STU0672,6.0,66.4,8.5,0.7,42.4,1,3.1,100.0
STU0673,10.0,99.1,7.2,0.3,69.7,1,3.0,100.0
STU0674,7.2,99.1,6.0,0.0,48.7,1,2.6,100.0
STU0675,6.2,94.4,6.6,0.9,80.3,1,3.8,100.0
STU0676,4.2,87.9,6.8,1.4,50.9,0,4.2,100.0
STU0677,9.2,56.1,7.6,1.3,54.9,1,2.9,100.0
STU0678,5.2,59.3,5.3,0.1,56.2,1,1.6,100.0
STU0679,1.8,72.8,5.9,4.3,63.9,1,7.0,45.1
STU0680,4.0,73.6,7.1,0.4,69.8,1,3.2,100.0
STU0681,1.1,70.3,6.7,2.3,72.3,0,5.2,54.0
STU0682,2.4,78.2,7.4,2.4,64.9,1,4.8,75.0
STU0683,0.7,64.5,5.4,0.3,45.1,1,1.3,33.1
STU0684,4.8,85.0,7.2,0.1,75.9,1,3.0,100.0
STU0685,6.5,60.0,8.0,0.1,64.2,1,3.0,100.0
STU0686,3.8,59.8,7.3,0.8,82.4,1,3.0,100.0
STU0687,4.5,47.6,7.0,2.2,54.4,1,4.8,88.9
STU0688,9.6,51.3,6.7,0.4,41.0,0,2.3,100.0
STU0689,7.6,91.0,5.9,0.2,64.5,0,3.1,100.0
STU0690,5.6,66.8,6.7,2.2,84.4,1,2.9,100.0
STU0691,3.2,53.7,8.2,0.4,67.4,1,3.1,86.1
STU0692,9.0,85.6,6.7,4.1,62.0,1,4.7,100.0
STU0693,2.7,73.2,5.8,1.7,51.9,1,3.0,71.5
STU0694,3.6,41.3,6.3,2.2,91.4,1,3.0,95.6
STU0695,9.1,59.0,7.0,5.2,49.6,0,6.9,100.0
STU0696,5.5,50.6,6.4,0.4,54.1,1,1.5,100.0
STU0697,7.6,79.4,7.3,2.0,73.6,0,4.9,100.0
STU0698,6.1,56.5,7.4,1.1,37.2,1,3.0,100.0
STU0699,6.7,43.9,7.8,0.4,84.1,1,3.1,100.0
STU0700,3.3,43.3,8.4,2.3,74.4,1,3.5,77.1
STU0701,2.8,74.9,7.9,0.1,78.5,0,0.7,86.7
STU0702,3.6,41.3,5.8,4.7,73.4,1,7.1,66.4
STU0703,2.0,90.9,5.8,2.9,62.6,1,5.2,68.0
STU0704,8.8,49.3,6.7,8.0,49.1,1,9.9,100.0
STU0705,3.2,76.4,6.3,1.5,62.9,1,4.0,92.3
STU0706,5.8,66.7,5.5,6.3,50.4,1,8.9,100.0
STU0707,8.0,66.6,6.3,0.5,72.3,1,2.5,100.0
STU0708,7.9,44.3,6.3,1.9,77.1,0,4.8,100.0
STU0709,4.7,88.2,6.1,1.9,87.2,0,4.2,99.3
STU0710,5.0,93.6,6.5,2.9,70.6,0,5.1,100.0
STU0711,9.9,40.7,8.1,7.3,78.9,0,8.7,100.0
STU0712,6.9,50.7,7.0,4.0,60.5,1,4.5,100.0
STU0713,8.2,94.2,9.5,0.2,57.8,0,1.3,100.0
STU0714,9.1,73.0,7.0,2.1,72.1,1,4.5,100.0
STU0715,8.0,49.0,6.5,1.0,59.2,0,3.3,100.0
STU0716,2.3,52.2,6.8,0.3,69.0,0,1.6,69.1
STU0717,5.8,79.6,7.1,1.6,49.1,1,3.7,100.0
STU0718,1.5,83.5,7.3,1.3,51.8,1,2.3,64.6
STU0719,6.7,76.0,9.1,0.1,74.5,1,1.3,100.0
STU0720,9.6,97.2,5.9,2.0,78.3,1,4.9,100.0
STU0721,5.4,69.6,7.7,0.2,50.2,0,1.7,100.0
STU0722,4.6,58.0,7.0,3.5,75.1,1,4.6,100.0
STU0723,0.8,68.6,5.1,0.8,57.0,1,2.5,56.2
STU0724,9.6,61.6,7.6,2.2,65.2,0,3.7,100.0
STU0725,1.5,53.5,8.2,0.5,86.3,1,2.8,69.6
STU0726,0.9,42.8,5.9,5.7,77.1,1,8.6,27.1
STU0727,2.8,61.1,6.8,0.1,76.9,1,2.1,88.7
STU0728,1.1,82.7,4.9,5.5,93.6,1,7.5,43.2
STU0729,4.8,41.1,5.4,0.5,54.4,1,1.9,97.8
STU0730,5.4,66.4,8.0,0.4,50.2,0,2.3,100.0
STU0731,3.5,78.6,6.3,2.3,54.2,1,3.6,87.4
STU0732,1.0,76.6,5.6,2.0,61.2,1,2.5,64.2
STU0733,1.6,86.6,7.1,7.9,29.7,0,10.6,40.6
STU0734,4.2,88.6,6.2,1.7,61.9,0,3.3,100.0
STU0735,1.1,82.7,6.3,0.6,56.8,1,2.3,64.6
STU0736,7.1,46.2,7.6,2.2,76.8,1,2.9,100.0
STU0737,2.5,68.5,5.5,2.0,70.3,1,4.6,63.9
STU0738,3.4,76.2,5.8,2.0,56.0,1,2.9,91.8
STU0739,4.2,54.7,7.0,8.0,73.8,1,9.5,72.3
STU0740,4.5,42.6,7.9,0.7,75.8,1,3.3,97.2
STU0741,0.5,53.4,8.2,1.4,53.5,0,3.0,37.0
STU0742,1.6,67.3,6.1,4.3,57.6,1,7.1,55.8
STU0743,8.7,64.8,7.8,2.6,31.6,0,3.6,100.0
STU0744,0.5,50.6,5.9,0.6,48.6,0,2.9,32.0
STU0745,5.3,89.5,8.8,3.5,53.9,1,6.4,100.0
STU0746,5.2,95.5,5.6,0.5,66.1,0,2.4,100.0
STU0747,3.7,52.1,8.3,2.7,50.8,1,4.9,80.9
STU0748,4.6,95.8,6.1,4.8,57.3,1,6.3,100.0
STU0749,7.9,41.1,9.0,3.6,46.6,0,6.0,100.0
STU0750,8.5,95.5,7.5,0.0,67.6,1,2.8,100.0
STU0751,3.0,97.1,5.7,1.8,71.4,1,4.1,82.5
STU0752,3.6,40.7,6.2,0.4,71.0,0,3.2,81.0
STU0753,2.8,85.8,7.7,1.0,65.2,0,3.0,77.6
STU0754,5.1,98.2,8.0,3.4,41.9,0,5.3,100.0
STU0755,7.0,94.4,6.7,0.5,55.7,0,1.8,100.0
STU0756,2.7,98.2,6.8,6.6,58.9,0,8.9,62.7
STU0757,3.6,73.0,7.6,0.1,59.0,0,2.8,100.0
STU0758,9.3,44.7,6.9,0.5,66.1,0,2.6,100.0
STU0759,1.0,91.0,5.4,0.1,86.4,1,1.2,67.6
STU0760,4.9,76.8,5.9,1.7,77.2,0,3.6,100.0
STU0761,7.3,76.9,7.1,0.7,50.2,0,3.1,100.0
STU0762,1.9,65.0,8.1,1.8,75.2,1,4.6,71.9
STU0763,1.0,74.3,8.6,5.2,74.6,0,6.1,41.3
STU0764,1.8,49.2,7.7,2.4,52.9,1,3.2,59.5
STU0765,9.2,84.4,7.1,0.1,77.7,0,1.6,100.0
STU0766,0.6,44.5,7.6,0.0,62.6,1,0.8,51.5
STU0767,2.3,83.8,6.1,2.7,43.9,1,5.7,70.2
STU0768,0.8,90.9,6.6,0.3,71.8,1,1.9,72.5
STU0769,1.6,68.3,5.9,1.8,68.3,1,3.6,52.9
STU0770,6.4,70.6,5.4,6.0,61.6,1,7.1,100.0
STU0771,2.8,58.7,7.2,2.0,64.4,0,3.6,76.0
STU0772,5.9,98.2,7.0,3.3,54.2,0,6.3,100.0
STU0773,6.1,84.0,7.6,1.2,74.2,1,2.9,100.0
STU0774,8.6,62.1,7.4,1.2,64.3,0,1.7,100.0
STU0775,0.5,50.5,7.1,0.1,67.5,0,1.2,41.9
STU0776,8.6,53.2,7.4,0.4,70.4,1,3.3,100.0
STU0777,6.4,67.8,6.8,0.1,47.7,0,3.1,100.0
STU0778,2.0,96.6,7.3,0.9,51.6,0,1.9,69.9
STU0779,7.8,84.0,6.0,2.8,31.9,1,4.8,100.0
STU0780,8.6,52.9,7.2,0.3,73.5,1,1.0,100.0
STU0781,2.9,91.6,7.5,4.5,46.8,1,6.4,69.6
STU0782,9.2,62.7,6.1,1.8,67.0,1,2.6,100.0
STU0783,4.8,91.1,6.9,2.3,70.6,1,4.8,100.0
STU0784,6.2,54.5,6.1,4.2,74.0,1,7.0,100.0
STU0785,9.9,77.1,6.2,1.7,46.9,0,2.6,100.0
STU0786,3.9,95.6,5.6,2.3,64.0,1,4.0,99.1
STU0787,8.2,55.5,8.2,1.9,90.1,1,2.7,100.0
STU0788,3.5,81.6,8.0,0.2,90.7,1,1.5,100.0
STU0789,8.1,99.2,7.4,0.5,79.8,0,1.2,100.0
STU0790,6.2,49.0,9.0,3.9,70.1,0,5.1,96.4
STU0791,2.6,45.3,6.6,8.0,49.9,0,11.0,33.8
STU0792,4.4,80.5,10.0,0.4,75.8,0,1.0,93.1
STU0793,3.5,60.4,6.5,1.3,62.6,0,3.9,88.2
STU0794,1.2,44.3,7.1,0.8,73.4,1,1.5,47.5
STU0795,0.8,68.5,6.4,2.6,55.5,0,4.4,38.8
STU0796,3.8,85.2,7.2,2.0,62.4,1,3.6,90.4
STU0797,0.7,57.1,7.7,0.1,67.5,1,2.9,50.0
STU0798,2.1,60.1,6.7,8.0,68.7,0,9.0,49.7
STU0799,7.4,90.7,8.8,6.4,72.4,1,7.3,100.0
STU0800,7.2,71.2,7.1,3.2,56.3,1,5.6,100.0
STU0801,7.5,90.6,7.1,1.9,44.9,0,4.2,100.0
STU0802,3.5,66.8,5.8,0.8,89.4,1,3.0,98.1
STU0803,9.0,97.2,7.3,1.3,100.0,1,1.9,100.0
STU0804,6.1,79.0,6.7,1.0,71.7,1,2.1,100.0
STU0805,1.7,47.0,6.1,1.3,45.1,1,3.9,47.4
STU0806,1.9,93.1,5.9,0.2,53.4,1,2.2,75.9
STU0807,7.1,69.4,9.7,4.7,72.6,0,6.7,100.0
STU0808,2.1,48.5,6.5,2.1,85.1,1,3.3,61.6
STU0809,5.3,49.2,5.2,1.4,46.8,1,2.6,99.9
STU0810,9.9,81.3,6.0,3.0,63.1,1,5.9,100.0
STU0811,0.5,42.8,6.7,3.1,67.9,1,5.4,38.3
STU0812,0.7,57.2,7.4,0.1,78.0,1,0.9,60.7
STU0813,9.9,48.4,7.4,0.4,59.8,1,3.2,100.0
STU0814,6.1,66.5,7.5,1.6,41.5,0,3.6,100.0
STU0815,1.7,64.9,6.1,4.2,74.3,1,5.5,61.2
STU0816,9.0,71.3,7.2,4.4,81.9,0,5.9,100.0
STU0817,8.9,56.8,5.8,0.9,63.8,1,3.2,100.0
STU0818,5.6,41.9,6.1,3.5,71.1,1,4.9,89.6
STU0819,6.4,76.9,5.8,0.1,57.9,1,2.0,100.0
STU0820,3.1,62.4,5.5,3.0,52.3,1,5.3,65.4
STU0821,1.0,79.1,8.0,1.5,80.4,1,2.5,63.5
STU0822,6.1,46.5,7.6,0.8,70.8,0,3.7,100.0
STU0823,3.3,40.8,7.9,2.0,72.4,0,3.4,71.1
STU0824,6.8,54.9,6.8,2.3,87.5,0,3.8,100.0
STU0825,8.4,67.4,7.7,7.0,49.2,1,9.2,100.0
STU0826,0.7,63.6,4.9,8.0,56.7,0,10.0,15.0
STU0827,6.2,88.6,7.7,1.4,67.4,1,3.0,100.0
STU0828,2.7,62.7,7.0,4.3,56.5,0,6.4,61.4
STU0829,8.8,71.8,7.5,1.3,76.7,1,4.1,100.0
STU0830,2.9,75.6,7.2,2.4,62.2,1,4.9,84.5
STU0831,6.3,41.3,5.7,0.6,50.1,1,3.2,100.0
STU0832,5.8,70.9,5.2,0.4,66.0,1,1.5,100.0
STU0833,4.3,60.7,6.0,1.9,67.6,1,3.4,94.6
STU0834,6.9,65.3,7.4,1.0,79.0,1,2.9,100.0
STU0835,7.4,46.0,7.6,0.9,70.9,1,1.5,100.0
STU0836,5.9,87.0,5.3,0.2,71.9,0,2.6,100.0
STU0837,7.7,96.5,5.7,0.3,69.8,0,1.6,100.0
STU0838,9.8,41.3,6.0,2.7,62.2,1,3.9,100.0
STU0839,4.5,76.1,6.4,2.7,54.3,1,3.8,94.5
STU0840,5.4,85.8,5.3,1.6,69.3,1,2.8,100.0
STU0841,0.6,57.1,5.2,2.1,60.0,1,3.4,39.5
STU0842,8.1,87.3,5.9,0.1,90.3,1,2.1,100.0
STU0843,5.4,77.9,6.9,4.2,85.1,1,6.2,100.0
STU0844,4.4,95.7,5.5,2.1,74.5,1,3.2,100.0
STU0845,1.4,98.9,6.7,2.8,70.7,1,3.8,73.3
STU0846,9.0,42.5,8.0,0.4,63.7,1,3.0,100.0
STU0847,4.3,66.7,5.4,2.6,46.1,1,3.3,85.8
STU0848,7.0,72.8,6.6,2.7,61.8,1,4.5,100.0
STU0849,1.9,48.8,7.9,1.0,66.5,1,2.8,62.9
STU0850,9.6,60.2,6.3,8.0,68.4,0,9.9,100.0
STU0851,2.2,99.3,6.2,1.0,72.0,1,3.7,83.5
STU0852,2.4,41.0,8.1,5.5,78.8,1,7.6,53.8
STU0853,8.7,67.2,6.5,4.2,54.6,1,7.1,100.0
STU0854,9.2,90.6,8.0,5.8,54.8,0,8.5,100.0
STU0855,2.5,59.4,7.3,1.4,86.8,1,2.4,82.9
STU0856,5.0,68.8,6.4,0.5,76.6,0,1.6,100.0
STU0857,7.5,98.7,7.3,0.4,59.1,1,1.8,100.0
STU0858,8.8,68.5,7.2,3.4,63.4,0,4.9,100.0
STU0859,4.1,47.9,7.9,1.9,63.5,0,3.8,82.0
STU0860,5.4,43.1,6.2,1.5,65.5,1,2.6,100.0
STU0861,7.5,96.7,6.8,1.3,72.1,1,2.4,100.0
STU0862,7.4,55.9,6.7,0.1,100.0,0,1.6,100.0
STU0863,7.9,70.2,7.6,1.0,67.8,1,3.2,100.0
STU0864,5.9,45.4,5.7,6.4,74.9,1,8.6,98.5
STU0865,1.5,65.4,7.9,2.4,39.7,0,5.3,53.2
STU0866,9.1,95.8,7.3,0.6,57.7,1,1.6,100.0
STU0867,8.7,70.1,5.4,4.4,83.4,1,5.9,100.0
STU0868,8.1,98.3,8.1,2.8,71.0,1,5.7,100.0
STU0869,1.4,55.5,9.3,7.6,20.0,0,9.8,15.1
STU0870,2.4,70.3,7.9,0.8,75.1,0,2.8,79.5
STU0871,7.6,91.6,8.4,0.6,93.8,1,2.4,100.0
STU0872,0.7,66.9,6.9,5.5,35.1,1,6.2,29.3
STU0873,9.8,56.8,5.0,1.3,87.8,0,4.0,100.0
STU0874,4.1,91.3,4.8,1.0,23.4,1,3.1,83.1
STU0875,7.3,63.4,7.1,2.9,79.1,0,4.8,100.0
STU0876,8.9,71.8,6.1,1.1,64.9,1,2.9,100.0
STU0877,4.2,98.6,5.8,0.6,29.8,1,2.1,99.4
STU0878,3.5,51.2,6.7,3.2,71.7,1,4.3,87.8
STU0879,6.3,58.1,7.5,2.1,82.3,1,4.5,100.0
STU0880,6.0,41.9,5.2,0.4,70.5,0,2.2,100.0
STU0881,4.4,63.5,6.3,3.0,73.8,1,3.6,90.6
STU0882,6.2,52.0,8.5,0.4,58.8,0,1.9,100.0
STU0883,9.4,80.8,5.6,0.1,37.1,1,2.9,100.0
STU0884,4.9,50.9,7.8,2.5,75.4,1,3.9,100.0
STU0885,2.4,80.5,6.3,0.6,91.2,0,2.1,80.3
STU0886,4.1,55.8,7.4,2.2,81.9,0,4.3,88.4
STU0887,4.2,61.3,8.0,8.0,35.2,0,10.5,64.5
STU0888,1.7,60.9,7.6,7.5,42.3,0,9.7,28.6
STU0889,2.0,83.0,7.8,0.7,52.3,0,3.3,65.5
STU0890,7.0,68.0,5.5,0.9,41.1,1,1.7,100.0
STU0891,3.7,61.7,8.0,3.0,65.7,1,5.8,80.8
STU0892,9.6,91.2,5.9,0.0,70.9,1,2.8,100.0
STU0893,2.8,74.3,7.1,2.2,43.5,1,4.0,67.4
STU0894,1.4,52.8,7.1,0.8,76.7,1,2.9,61.6
STU0895,7.7,94.0,7.3,2.5,74.0,1,3.5,100.0
STU0896,8.9,60.6,7.2,2.8,56.8,1,4.4,100.0
STU0897,3.1,42.3,5.9,2.7,62.4,1,3.7,63.5
STU0898,2.4,69.7,5.3,0.1,35.8,1,0.7,75.1
STU0899,2.3,47.4,7.8,0.3,60.0,1,3.3,78.4
STU0900,5.5,54.3,7.0,5.1,65.1,1,6.2,97.5
STU0901,4.9,84.8,8.1,0.4,67.5,1,2.4,100.0
STU0902,3.0,47.8,6.8,1.6,70.7,1,2.9,73.9
STU0903,0.9,88.4,5.3,4.6,68.7,1,6.0,43.7
STU0904,5.1,96.2,7.9,0.1,61.0,1,1.6,100.0
STU0905,9.6,76.4,6.4,0.5,69.3,0,1.8,100.0
STU0906,6.7,82.6,7.2,2.7,80.0,0,4.8,100.0
STU0907,5.2,82.8,6.1,0.3,63.6,1,3.2,100.0
STU0908,1.6,99.6,8.6,2.0,69.8,0,3.6,69.6
STU0909,2.9,60.5,5.8,4.5,62.2,1,7.4,48.8
STU0910,3.3,49.8,6.4,2.2,55.3,0,4.4,69.7
STU0911,7.8,71.2,6.9,4.9,72.8,1,6.9,100.0
STU0912,8.8,72.0,5.6,0.9,56.7,0,2.0,100.0
STU0913,9.1,50.7,7.2,3.2,70.8,1,3.9,100.0
STU0914,9.9,76.8,8.6,4.7,65.4,1,7.3,100.0
STU0915,9.8,40.8,6.3,0.8,60.4,0,2.7,100.0
STU0916,9.6,95.7,7.2,4.7,60.1,0,6.2,100.0
STU0917,1.2,55.9,4.0,0.3,57.4,1,2.8,30.5
STU0918,1.8,42.4,6.8,2.1,40.3,1,3.4,56.6
STU0919,3.4,46.5,6.5,0.4,70.7,1,2.9,87.3
STU0920,5.8,54.4,5.9,3.0,68.5,0,4.3,100.0
STU0921,1.4,56.4,8.0,1.9,77.7,1,4.7,54.7
STU0922,8.5,42.0,6.4,2.8,57.0,0,4.0,100.0
STU0923,6.4,56.8,6.6,4.2,93.4,1,5.0,100.0
STU0924,5.7,51.6,6.4,1.7,59.3,1,3.9,100.0
STU0925,2.1,62.7,4.7,0.7,51.9,0,1.6,53.0
STU0926,2.9,63.1,5.6,4.8,50.1,1,7.7,56.6
STU0927,2.0,60.3,7.9,6.9,39.0,1,9.0,33.9
STU0928,8.6,59.7,4.5,4.9,88.0,0,6.0,100.0
STU0929,6.1,45.4,6.0,0.4,85.6,0,1.4,100.0
STU0930,7.5,41.5,6.4,3.9,74.0,0,6.7,100.0
STU0931,3.3,52.1,8.7,2.6,51.6,0,4.6,67.5
STU0932,4.0,85.4,7.6,1.4,92.2,0,4.1,100.0
STU0933,4.3,99.4,6.2,0.3,59.7,1,1.1,100.0
STU0934,7.7,95.7,8.2,3.0,61.0,0,5.8,100.0
STU0935,7.8,70.3,6.0,2.7,86.6,1,4.5,100.0
STU0936,2.5,71.9,7.9,0.7,74.9,1,2.9,80.9
STU0937,9.4,58.9,5.3,1.2,98.0,1,2.6,100.0
STU0938,1.6,86.4,8.0,0.4,68.7,1,1.0,76.3
STU0939,9.0,85.9,6.4,6.6,59.0,0,9.5,100.0
STU0940,1.5,90.7,5.7,1.6,55.8,0,4.6,58.6
STU0941,3.0,93.7,6.6,2.3,37.3,0,3.7,72.8
STU0942,8.5,66.1,7.1,2.1,60.8,1,5.0,100.0
STU0943,2.2,86.0,6.3,3.9,82.2,1,4.8,64.7
STU0944,4.4,88.4,7.4,2.6,74.0,1,3.5,100.0
STU0945,4.8,58.5,6.2,0.7,65.3,0,1.4,100.0
STU0946,2.8,95.8,7.5,1.6,50.1,1,3.1,81.6
STU0947,7.2,45.7,7.3,0.9,68.4,0,1.5,100.0
STU0948,8.6,99.7,6.7,1.5,80.2,1,3.0,100.0
STU0949,8.8,86.2,6.3,2.7,71.5,0,3.5,100.0
STU0950,3.7,45.6,7.0,1.6,67.5,0,3.9,98.4
STU0951,5.5,79.4,7.4,2.3,53.0,1,4.9,100.0
STU0952,2.9,42.1,9.1,0.5,78.0,0,2.7,65.0
STU0953,2.8,86.2,7.8,1.7,20.0,1,2.7,75.1
STU0954,2.0,88.0,7.9,2.9,70.7,1,5.3,73.5
STU0955,9.4,76.1,10.0,2.6,100.0,0,3.7,100.0
STU0956,8.9,91.4,7.4,1.3,42.4,1,3.7,100.0
STU0957,7.9,45.9,7.3,0.6,61.4,1,2.5,100.0
STU0958,5.4,56.6,7.6,7.3,64.9,0,8.7,93.9
STU0959,5.2,64.9,5.7,2.3,58.1,0,3.0,93.9
STU0960,5.5,42.5,6.3,1.7,80.5,0,4.3,100.0
STU0961,5.6,66.9,6.2,0.4,72.1,0,3.2,100.0
STU0962,4.6,55.9,7.5,3.3,67.3,0,5.5,92.1
STU0963,1.8,63.6,6.6,2.2,77.0,1,5.1,72.0
STU0964,1.7,65.5,7.0,0.7,65.3,1,3.5,59.1
STU0965,9.5,92.8,8.0,0.0,100.0,1,1.0,100.0
STU0966,5.1,56.2,7.7,1.8,67.3,1,4.1,99.7
STU0967,9.6,93.6,6.6,0.5,67.9,1,1.9,100.0
STU0968,2.1,65.6,6.1,1.3,39.3,1,3.0,61.5
STU0969,5.8,59.7,8.0,2.9,56.8,0,3.8,100.0
STU0970,2.5,70.2,7.7,2.8,82.2,0,5.7,71.3
STU0971,2.9,65.1,5.0,0.2,45.0,1,2.5,70.9
STU0972,0.8,55.4,6.5,1.0,32.6,1,2.2,40.2
STU0973,1.6,70.2,7.0,5.5,65.5,1,6.9,47.3
STU0974,9.2,49.1,7.7,0.7,85.6,0,2.3,100.0
STU0975,3.6,61.1,7.8,1.1,65.6,1,3.5,87.7
STU0976,6.3,73.9,7.1,1.3,60.0,0,4.1,100.0
STU0977,4.9,64.8,7.4,0.0,37.1,1,1.3,100.0
STU0978,4.3,89.4,6.9,3.2,71.8,1,4.9,99.4
STU0979,5.6,55.4,6.1,0.2,74.9,1,2.2,100.0
STU0980,2.3,98.2,6.5,0.8,38.3,1,2.3,76.2
STU0981,9.9,87.1,6.8,0.6,82.0,0,2.4,100.0
STU0982,8.3,98.1,6.8,2.1,76.5,1,2.9,100.0
STU0983,7.5,90.3,4.7,1.1,82.0,1,2.0,100.0
STU0984,5.0,48.5,6.4,3.0,73.8,1,4.5,93.5
STU0985,2.0,71.6,6.9,3.7,74.8,0,6.5,68.0
STU0986,9.2,50.2,6.5,0.4,72.8,0,1.8,100.0
STU0987,3.7,89.1,6.5,0.5,78.0,0,1.6,100.0
STU0988,1.0,75.0,7.3,2.3,37.7,1,4.7,41.2
STU0989,3.8,55.8,5.6,3.9,42.5,1,6.8,75.6
STU0990,8.0,95.8,5.0,7.6,54.0,1,9.2,100.0
STU0991,6.4,46.9,6.4,0.6,63.1,1,1.1,100.0
STU0992,7.6,73.8,7.6,4.5,70.8,1,6.7,100.0
STU0993,8.0,83.3,8.7,0.4,69.9,0,1.9,100.0
STU0994,2.5,43.5,7.7,1.3,81.8,1,3.5,64.7
STU0995,9.3,75.9,5.2,4.0,82.2,0,5.2,100.0
STU0996,4.7,89.0,6.5,0.6,51.9,0,1.1,100.0
STU0997,6.6,44.1,7.1,0.4,68.6,0,1.8,100.0
STU0998,0.5,70.7,7.0,0.1,52.3,0,2.4,50.9
STU0999,9.9,55.5,7.4,2.3,62.2,0,3.8,100.0
STU1000,3.2,79.8,5.8,2.1,69.8,1,3.1,89.5
STU1001,1.1,47.1,6.9,8.0,20.0,0,9.7,11.8
STU1002,4.9,96.2,7.3,1.6,100.0,0,4.0,100.0
STU1003,1.7,93.7,7.7,0.5,73.5,0,1.3,76.1
STU1004,1.9,51.2,5.9,1.1,56.1,1,3.3,58.5
STU1005,6.5,59.4,6.4,0.2,93.9,1,2.4,100.0
STU1006,4.2,75.3,4.0,2.7,59.8,0,4.1,75.3
STU1007,9.3,83.1,6.1,3.2,67.0,0,6.1,100.0
STU1008,3.5,66.6,6.2,0.6,57.7,1,3.3,87.9
STU1009,7.4,49.4,5.7,0.7,89.8,1,2.0,100.0
STU1010,4.9,46.2,7.0,0.2,63.4,1,0.8,100.0
STU1011,6.8,100.0,6.7,0.2,67.2,1,1.5,100.0
STU1012,6.2,67.3,4.3,1.4,83.1,1,2.4,100.0
STU1013,5.0,92.4,7.0,1.9,73.8,1,3.8,100.0
STU1014,9.5,68.9,5.8,0.0,64.2,1,2.8,100.0
STU1015,3.8,95.3,7.3,2.7,81.7,1,5.4,100.0
STU1016,2.2,45.3,5.4,0.8,100.0,0,2.1,69.5
STU1017,6.9,46.8,6.8,2.0,69.8,1,3.6,100.0
STU1018,8.5,95.8,6.5,1.9,66.8,1,2.5,100.0
STU1019,0.9,96.8,7.1,3.9,67.6,0,5.8,54.3
STU1020,4.8,58.9,6.9,4.9,84.7,1,5.6,88.9
STU1021,9.0,61.3,6.5,4.7,56.0,1,7.5,100.0
STU1022,7.6,67.1,5.1,1.0,60.8,0,3.7,100.0
STU1023,9.9,65.0,5.2,2.4,41.9,1,3.4,100.0
STU1024,5.5,51.4,6.2,0.4,47.2,0,2.6,100.0
STU1025,6.8,93.9,6.8,1.5,57.2,1,3.4,100.0
STU1026,3.4,55.2,6.1,0.9,64.2,1,3.4,92.9
STU1027,9.5,82.3,7.5,1.0,91.5,0,2.7,100.0
STU1028,4.0,44.0,6.5,3.7,73.0,1,4.7,86.9
STU1029,7.5,42.3,5.7,5.8,51.3,1,7.9,100.0
STU1030,4.3,79.2,6.5,1.0,54.1,0,1.7,100.0
STU1031,5.8,60.3,7.0,4.1,85.6,1,6.1,100.0
STU1032,7.3,79.3,7.2,1.4,81.9,0,2.4,100.0
STU1033,5.3,45.6,8.9,0.8,65.4,1,3.0,100.0
STU1034,9.1,97.0,6.1,1.2,58.4,0,3.8,100.0
STU1035,4.5,84.9,6.7,0.9,81.9,0,1.7,100.0
STU1036,6.6,92.6,7.3,0.4,50.1,1,1.9,100.0
STU1037,3.8,48.2,6.8,0.1,70.9,0,2.4,90.6
STU1038,4.4,59.2,6.2,0.1,99.1,1,1.0,100.0
STU1039,4.7,62.1,5.1,3.1,68.1,1,5.0,91.5
STU1040,1.7,72.2,6.2,2.0,53.4,1,4.2,61.3
STU1041,1.4,57.8,5.6,1.1,71.2,0,2.5,47.6
STU1042,6.8,43.6,4.9,1.6,57.9,1,4.2,100.0
STU1043,6.7,62.1,5.9,8.0,44.1,1,9.8,100.0
STU1044,6.8,55.3,5.6,1.4,75.5,0,3.5,100.0
STU1045,0.7,63.2,7.4,0.6,81.8,1,1.5,55.3
STU1046,3.6,51.8,7.5,3.0,60.3,1,3.6,80.2
STU1047,2.4,55.7,5.8,0.3,59.3,1,0.9,67.7
STU1048,7.9,77.6,6.5,2.2,50.6,1,5.0,100.0
STU1049,8.7,63.3,4.8,1.3,62.8,1,4.0,100.0
STU1050,2.8,60.7,6.3,2.0,56.6,1,4.5,69.6
STU1051,6.8,72.0,7.2,0.8,49.8,1,1.8,100.0
STU1052,1.7,86.3,7.7,1.2,93.4,1,3.0,80.5
STU1053,3.1,62.7,6.0,3.5,72.0,1,6.0,73.9
STU1054,1.8,75.3,8.0,0.2,73.6,1,2.4,73.7
STU1055,3.2,98.0,5.1,3.9,78.3,1,4.7,79.3
STU1056,6.9,71.3,5.4,4.4,76.6,0,7.1,100.0
STU1057,9.1,94.6,7.6,1.2,58.8,0,2.1,100.0
STU1058,2.4,87.6,8.6,3.1,69.1,1,4.0,65.9
STU1059,5.6,43.5,7.3,2.4,61.0,1,5.2,100.0
STU1060,7.2,65.7,6.8,1.8,71.6,1,3.5,100.0
STU1061,9.6,81.9,4.4,3.4,70.1,1,4.8,100.0
STU1062,6.3,99.2,4.6,1.1,59.3,1,3.0,100.0
STU1063,2.9,67.5,6.9,4.6,45.1,1,7.6,79.7
STU1064,6.4,45.6,6.4,6.1,67.2,1,6.9,100.0
STU1065,3.5,73.7,5.6,2.4,61.9,0,4.8,69.3
STU1066,9.8,47.6,6.9,0.5,36.6,1,1.8,100.0
STU1067,4.3,85.1,6.9,0.1,72.6,0,0.9,100.0
STU1068,7.0,70.5,7.8,1.2,79.5,1,2.8,100.0
STU1069,0.7,83.4,7.0,0.2,100.0,1,2.1,66.2
STU1070,4.3,92.2,8.2,1.1,59.1,1,2.1,100.0
STU1071,8.8,77.7,6.8,6.1,56.9,1,7.6,100.0
STU1072,6.3,76.7,6.7,3.5,48.4,0,5.6,100.0
STU1073,4.7,85.3,8.0,0.2,68.1,0,2.1,100.0
STU1074,9.4,90.5,5.7,0.6,68.0,0,2.9,100.0
STU1075,8.6,92.1,9.9,2.8,52.8,1,5.4,100.0
STU1076,3.6,42.2,7.2,7.6,62.4,1,9.1,65.2
STU1077,5.7,73.4,7.2,3.3,35.3,0,4.9,100.0
STU1078,5.2,53.0,7.4,0.4,78.9,0,2.1,100.0
STU1079,6.5,91.6,8.9,1.2,53.4,1,3.1,100.0
STU1080,3.7,78.9,7.7,3.9,64.5,1,4.7,89.3
STU1081,2.8,65.2,5.0,2.1,43.6,0,3.4,64.3
STU1082,9.2,51.3,8.3,1.1,56.3,0,2.0,100.0
STU1083,9.3,60.3,6.4,8.0,60.8,1,9.5,100.0
STU1084,8.5,82.2,6.9,3.1,64.8,0,6.0,100.0
STU1085,9.8,52.3,5.4,1.6,72.2,0,3.6,100.0
STU1086,7.6,45.6,7.4,2.8,86.6,0,4.4,100.0
STU1087,7.8,93.3,6.1,0.7,76.0,1,2.6,100.0
STU1088,7.7,85.9,6.9,4.6,79.4,1,6.8,100.0
STU1089,5.1,52.0,6.5,1.8,86.7,0,3.4,100.0
STU1090,4.8,57.5,8.9,2.9,73.5,1,4.5,95.6
STU1091,2.8,98.3,9.0,8.0,64.4,1,10.3,57.9
STU1092,6.6,82.5,6.9,1.7,80.1,1,2.4,100.0
STU1093,3.2,76.6,6.9,1.6,81.1,1,3.5,85.0
STU1094,2.9,58.5,6.4,1.9,74.7,0,3.8,80.3
STU1095,6.1,57.9,8.0,1.1,43.2,1,3.5,100.0
STU1096,4.4,42.4,6.4,2.1,52.4,1,5.1,88.6
STU1097,2.6,83.7,6.3,0.2,60.9,1,2.7,96.8
STU1098,8.3,42.6,7.9,4.8,76.7,0,6.6,100.0
STU1099,8.7,40.3,6.2,8.0,64.7,0,8.9,100.0
STU1100,2.1,83.8,6.8,1.7,82.1,0,3.7,75.2
STU1101,0.6,96.9,5.1,0.0,84.7,1,2.6,56.6
STU1102,3.7,85.4,7.6,0.9,83.0,1,3.7,100.0
STU1103,8.1,68.3,8.9,0.0,83.1,1,2.6,100.0
STU1104,8.5,69.2,7.6,0.4,49.4,1,1.4,100.0
STU1105,1.8,66.2,8.4,5.9,72.2,0,8.2,38.4
STU1106,7.9,59.5,5.9,1.3,55.9,0,4.0,100.0
STU1107,1.6,71.3,7.1,1.7,40.3,1,3.9,55.5
STU1108,4.2,65.9,5.8,2.0,60.7,1,4.2,85.5
STU1109,10.0,75.9,6.5,0.6,84.9,1,2.4,100.0
STU1110,2.3,93.9,7.6,4.8,71.9,1,6.9,63.6
STU1111,2.0,99.7,6.9,2.5,95.3,1,3.7,79.2
STU1112,4.5,44.7,5.2,2.6,67.7,1,3.3,90.8
STU1113,6.4,63.1,5.4,1.9,100.0,0,4.5,100.0
STU1114,9.4,50.8,5.3,3.1,67.7,1,6.0,100.0
STU1115,9.8,61.1,7.3,1.3,65.3,1,3.9,100.0
STU1116,1.2,57.2,9.1,3.7,45.8,0,5.0,24.7
STU1117,1.8,50.5,8.3,2.1,81.7,0,2.8,56.4
STU1118,8.0,85.8,4.7,0.1,57.5,0,1.3,100.0
STU1119,3.1,69.8,8.4,0.2,55.3,0,2.8,81.7
STU1120,8.9,95.2,7.8,1.2,84.2,1,3.3,100.0
STU1121,6.8,42.0,5.1,0.1,82.4,0,3.0,100.0
STU1122,1.6,44.0,6.5,0.2,82.0,1,1.6,63.7
STU1123,8.4,64.2,8.0,1.2,59.6,0,3.1,100.0
STU1124,2.2,44.8,7.4,0.9,64.2,0,3.4,65.7
STU1125,4.5,55.8,5.4,2.6,64.1,0,3.7,82.3
STU1126,5.7,99.2,7.5,0.7,76.7,0,3.6,100.0
STU1127,5.3,52.5,4.4,0.8,88.3,1,2.8,100.0
STU1128,7.0,51.9,6.6,1.1,70.5,0,1.6,100.0
STU1129,6.7,74.4,8.1,0.1,94.6,0,0.7,100.0
STU1130,9.9,69.9,6.8,2.6,78.5,0,5.3,100.0
STU1131,10.0,74.8,6.3,3.3,61.5,0,5.4,100.0
STU1132,5.4,62.6,7.8,8.0,77.4,1,10.4,90.6
STU1133,1.4,89.6,7.9,3.8,90.6,1,6.3,62.6
STU1134,7.4,48.3,8.2,0.9,95.0,0,2.5,100.0
STU1135,9.8,65.7,7.8,3.7,82.8,1,6.2,100.0
STU1136,3.5,81.4,8.0,8.0,65.4,1,10.8,66.2
STU1137,4.9,92.1,7.6,0.6,61.7,1,1.5,100.0
STU1138,4.5,62.2,7.1,7.9,73.6,1,10.3,81.3
STU1139,1.0,74.1,6.9,1.1,90.1,0,2.4,66.7
STU1140,6.9,44.1,6.5,0.1,71.5,1,1.4,100.0
STU1141,3.9,50.2,5.5,0.2,71.8,1,1.7,91.9
STU1142,8.0,44.1,5.7,0.5,65.8,1,3.2,100.0
STU1143,8.4,83.7,6.5,2.8,60.1,1,3.4,100.0
STU1144,8.3,57.3,7.1,3.1,62.6,1,4.7,100.0
STU1145,4.5,83.4,8.4,2.9,67.0,0,5.1,100.0
STU1146,3.6,44.0,6.8,1.3,90.8,1,2.1,95.7
STU1147,7.6,91.8,7.9,2.0,61.4,1,4.5,100.0
STU1148,8.1,90.1,8.0,3.1,65.8,1,6.0,100.0
STU1149,5.2,45.3,6.5,1.9,52.0,1,2.6,98.5
STU1150,9.0,41.4,7.5,1.5,75.7,1,2.4,100.0
STU1151,1.9,43.4,6.5,0.7,85.5,1,3.6,69.7
STU1152,8.9,91.2,8.3,1.2,89.4,1,2.2,100.0
STU1153,1.4,54.1,7.5,3.6,68.1,0,4.3,57.4
STU1154,2.0,72.9,5.5,2.0,73.6,1,4.9,72.3
STU1155,5.6,65.6,7.0,0.6,62.7,1,3.3,100.0
STU1156,1.1,87.7,8.6,0.7,72.9,1,2.8,65.4
STU1157,1.0,69.3,6.6,3.9,69.7,0,5.8,42.5
STU1158,0.5,70.0,7.3,5.9,65.9,1,8.7,36.6
STU1159,4.6,99.3,7.4,0.9,67.1,1,3.0,100.0
STU1160,7.9,49.0,5.7,1.3,71.8,1,3.4,100.0
STU1161,0.8,89.8,7.4,0.0,60.6,0,2.6,59.7
STU1162,6.7,43.1,5.3,0.3,61.4,1,2.4,100.0
STU1163,8.3,68.7,6.1,3.0,90.6,0,4.8,100.0
STU1164,2.1,93.2,8.0,8.0,100.0,0,9.5,69.5
STU1165,1.9,79.9,7.2,2.3,46.9,1,4.1,56.4
STU1166,8.7,81.1,6.5,2.0,46.1,1,3.8,100.0
STU1167,8.3,55.8,7.3,3.7,50.6,0,5.1,100.0
STU1168,5.6,65.1,6.7,0.9,63.5,1,2.5,100.0
STU1169,8.3,62.0,6.8,2.0,78.4,1,4.5,100.0
STU1170,1.4,71.3,7.5,1.2,73.9,0,2.7,52.8
STU1171,4.2,67.7,6.0,1.2,67.6,0,1.8,99.9
STU1172,7.5,59.6,6.8,0.5,72.9,1,1.7,100.0
STU1173,2.9,58.3,6.5,1.5,54.6,1,2.6,76.9
STU1174,7.6,55.1,5.1,1.8,61.3,1,4.3,100.0
STU1175,5.3,61.9,5.8,4.8,64.7,1,6.4,96.5
STU1176,7.6,49.0,8.5,7.6,41.2,1,8.8,100.0
STU1177,4.9,92.3,7.2,0.2,47.6,1,2.7,100.0
STU1178,4.0,76.1,5.3,0.3,48.2,1,0.8,92.2
STU1179,2.6,48.0,5.1,4.4,76.5,0,5.3,67.6
STU1180,2.5,81.6,6.7,2.1,68.7,0,4.7,78.4
STU1181,7.6,90.9,8.5,3.5,74.2,0,5.4,100.0
STU1182,1.6,54.3,6.6,0.3,37.4,1,2.7,51.9
STU1183,1.3,49.0,8.2,0.4,42.7,1,3.0,47.4
STU1184,2.2,40.5,7.2,2.0,74.9,1,4.9,64.6
STU1185,2.2,42.8,7.3,1.4,23.3,0,2.1,47.7
STU1186,8.3,85.7,5.3,1.5,83.4,1,4.0,100.0
STU1187,4.3,99.2,7.8,5.7,37.7,0,8.0,78.8
STU1188,9.9,42.7,6.4,3.4,77.7,0,4.4,100.0
STU1189,1.8,84.9,7.7,1.2,51.7,0,4.0,64.8
STU1190,6.7,44.3,5.9,5.6,80.7,1,7.1,100.0
STU1191,4.8,75.5,7.0,1.5,100.0,0,4.2,100.0
STU1192,4.2,85.4,7.2,3.4,30.9,1,5.4,89.1
STU1193,8.8,61.6,6.6,3.3,75.4,1,5.1,100.0
STU1194,9.8,40.7,7.2,1.1,37.9,1,2.0,100.0
STU1195,8.8,75.7,6.5,2.7,71.4,0,5.5,100.0
STU1196,2.3,99.5,6.1,6.2,61.9,1,8.1,68.2
STU1197,2.6,55.5,8.6,5.6,66.9,1,6.1,55.5
STU1198,6.7,51.4,8.0,2.3,51.3,1,2.8,100.0
STU1199,3.2,47.4,6.0,0.7,76.7,1,3.1,88.6
STU1200,7.5,73.3,7.4,0.8,43.3,1,1.7,100.0
